jumlah_total,category
446835.96396984986,Widget
429618.72149525903,Gadget
404989.7102093297,Gizmo
313883.7294856179,Doohickey
